Ref,Val,Package,PosX,PosY,Rot,Side
"C2","10uF","C_Disc_D5.0mm_W2.5mm_P5.00mm",104.800000,-154.000000,90.000000,top
"C3","100nF","C_Disc_D5.0mm_W2.5mm_P5.00mm",141.800000,-132.000000,90.000000,top
"C4","100nF","C_Disc_D5.0mm_W2.5mm_P5.00mm",109.500000,-165.500000,0.000000,top
"J2","INLAND E-PAPER HEADER (8-PIN)","JST_XH_B8B-XH-A_1x08_P2.50mm_Vertical",104.275000,-144.750000,90.000000,top
"J3","BUZZER 2-PIN HEADER","PinHeader_1x02_P2.54mm_Vertical",132.000000,-166.725000,0.000000,top
"J4","ANALOG JOYSTICK HEADER (5-PIN)","JST_XH_B5B-XH-A_1x05_P2.50mm_Vertical",141.275000,-159.000000,90.000000,top
"J5","STATUS RING CABLE (JST-XH 3)","JST_XH_B3B-XH-A_1x03_P2.50mm_Vertical",141.275000,-116.500000,90.000000,top
"J6","FRONT LIGHT CABLE (JST-XH 3)","JST_XH_B3B-XH-A_1x03_P2.50mm_Vertical",120.500000,-170.475000,0.000000,top
"R1","330R","R_Axial_DIN0207_L6.3mm_D2.5mm_P7.62mm_Horizontal",141.800000,-142.810000,90.000000,top
"R2","330R","R_Axial_DIN0207_L6.3mm_D2.5mm_P7.62mm_Horizontal",122.190000,-160.000000,0.000000,top
"U1","REMOVABLE ESP32 DEVKIT / 2 x 19","ESP32_DevKit_38_Socket_Row22.225mm",111.570000,-103.400000,0.000000,top
"U2","74AHCT1G125","SOT-23-5",141.800000,-122.587500,0.000000,top
"U3","74AHCT1G125","SOT-23-5",112.000000,-160.087500,0.000000,top
