"Refs","Value","Footprint","Qty","DNP"
"C2","10uF","Capacitor_THT:C_Disc_D5.0mm_W2.5mm_P5.00mm","1",""
"C3,C4","100nF","Capacitor_THT:C_Disc_D5.0mm_W2.5mm_P5.00mm","2",""
"J2","INLAND E-PAPER HEADER (8-PIN)","Connector_JST:JST_XH_B8B-XH-A_1x08_P2.50mm_Vertical","1",""
"J3","BUZZER 2-PIN HEADER","Connector_PinHeader_2.54mm:PinHeader_1x02_P2.54mm_Vertical","1",""
"J4","ANALOG JOYSTICK HEADER (5-PIN)","Connector_JST:JST_XH_B5B-XH-A_1x05_P2.50mm_Vertical","1",""
"J5","STATUS RING CABLE (JST-XH 3)","Connector_JST:JST_XH_B3B-XH-A_1x03_P2.50mm_Vertical","1",""
"J6","FRONT LIGHT CABLE (JST-XH 3)","Connector_JST:JST_XH_B3B-XH-A_1x03_P2.50mm_Vertical","1",""
"R1,R2","330R","Resistor_THT:R_Axial_DIN0207_L6.3mm_D2.5mm_P7.62mm_Horizontal","2",""
"U1","REMOVABLE ESP32 DEVKIT / 2 x 19","Sigil:ESP32_DevKit_38_Socket_Row22.225mm","1",""
"U2,U3","74AHCT1G125","Package_TO_SOT_SMD:SOT-23-5","2",""
